posts,cars
1,63034
2,13957
3,5926
4,3740
5,2280
6,1484
7,920
8,623
9,499
10,316
11,226
12,243
13,162
14,144
15,122
16,116
17,88
18,76
19,90
20,83
21,60
22,49
23,40
24,46
25,42
26,27
27,69
28,56
29,24
30,30
31,19
32,17
33,31
34,17
35,16
36,12
37,19
38,14
39,16
40,11
41,12
42,14
43,10
44,8
45,5
46,7
47,7
48,4
49,9
50,8
51,7
52,4
53,3
54,3
55,6
56,4
57,5
58,3
59,2
60,7
61,6
62,7
63,3
64,2
65,1
66,1
67,5
68,7
69,3
70,2
71,1
72,6
73,1
74,4
76,3
77,2
78,2
79,1
80,4
81,1
83,2
84,2
85,2
86,3
87,5
88,1
89,1
90,2
91,2
94,1
95,3
97,3
98,1
100,1
102,2
106,2
107,1
109,1
112,1
115,2
120,2
121,1
123,1
124,1
125,1
126,1
127,1
128,1
129,1
132,1
136,1
137,1
138,1
142,1
143,2
145,2
149,1
150,2
151,1
156,1
157,1
160,1
167,1
168,1
172,1
180,1
194,1
195,1
198,1
199,1
207,1
214,1
227,1
231,1
235,1
261,1
