posted,region,state,seller,price,odometer,post,model_raw,same_ad_as_first,vin,kind,car,usual_price
2021-04-05T04:21,ventura,ca,dealer,40990,5833.0,7301963717,passport elite sport,True,5FNYF8H01LB009820,Carvana,2020 honda passport,True
2021-04-05T05:14,santabarbara,ca,dealer,40990,5833.0,7301975564,passport elite sport,False,5FNYF8H01LB009820,Carvana,2020 honda passport,True
2021-04-18T09:33,porthuron,mi,dealer,40990,5833.0,7308694543,passport elite sport,False,5FNYF8H01LB009820,Carvana,2020 honda passport,True
2021-04-18T12:00,baltimore,md,dealer,40990,5833.0,7308767692,passport elite sport,False,5FNYF8H01LB009820,Carvana,2020 honda passport,True
2021-04-08T10:43,harrisburg,pa,dealer,12500,2773.0,7303624197,trailblazer,True,KL79MMS2XMB026016,local dealer,2021 chevrolet trailblazer,True
2021-04-16T10:35,cleveland,oh,dealer,12500,2773.0,7307688386,trailblazer,False,KL79MMS2XMB026016,local dealer,2021 chevrolet trailblazer,True
2021-04-29T11:50,pittsburgh,pa,dealer,12500,2773.0,7314340999,trailblazer,False,KL79MMS2XMB026016,local dealer,2021 chevrolet trailblazer,True
2021-05-04T10:36,youngstown,oh,dealer,12500,2773.0,7316705412,trailblazer,False,KL79MMS2XMB026016,local dealer,2021 chevrolet trailblazer,True
2021-05-03T16:38,charlotte,nc,owner,59500,1025.0,7316414731,silverado 3500hd,True,1GB3WREY1LF301140,private owner,2020 chevrolet silverado 3500,False
2021-05-03T16:44,greensboro,nc,owner,59900,1025.0,7316418474,silverado 3500hd,True,1GB3WREY1LF301140,private owner,2020 chevrolet silverado 3500,True
2021-05-03T16:50,raleigh,nc,owner,59900,1025.0,7316422032,silverado 3500hd,True,1GB3WREY1LF301140,private owner,2020 chevrolet silverado 3500,True
2021-05-03T16:58,richmond,va,owner,59900,1025.0,7316426460,silverado 3500hd,True,1GB3WREY1LF301140,private owner,2020 chevrolet silverado 3500,True
2021-04-24T04:35,lascruces,nm,dealer,29590,70760.0,7311766797,expedition xlt sport,True,1FMJU1JT1HEA52352,most posted car,2017 ford expedition,True
2021-04-24T03:35,santamaria,ca,dealer,29590,70760.0,7311766813,expedition xlt sport,False,1FMJU1JT1HEA52352,most posted car,2017 ford expedition,True
2021-04-24T03:35,modesto,ca,dealer,29590,70760.0,7311766823,expedition xlt sport,False,1FMJU1JT1HEA52352,most posted car,2017 ford expedition,True
2021-04-24T03:35,stockton,ca,dealer,29590,70760.0,7311766828,expedition xlt sport,False,1FMJU1JT1HEA52352,most posted car,2017 ford expedition,True
2021-04-24T06:35,westernmass,ma,dealer,29590,70760.0,7311766848,expedition xlt sport,False,1FMJU1JT1HEA52352,most posted car,2017 ford expedition,True
2021-04-24T05:35,lakecharles,la,dealer,29590,70760.0,7311766857,expedition xlt sport,False,1FMJU1JT1HEA52352,most posted car,2017 ford expedition,True
2021-04-24T05:43,lafayette,la,dealer,29590,70760.0,7311767727,expedition xlt sport,False,1FMJU1JT1HEA52352,most posted car,2017 ford expedition,True
2021-04-24T05:43,littlerock,ar,dealer,29590,70760.0,7311767733,expedition xlt sport,False,1FMJU1JT1HEA52352,most posted car,2017 ford expedition,True
2021-04-24T05:43,batonrouge,la,dealer,29590,70760.0,7311767741,expedition xlt sport,False,1FMJU1JT1HEA52352,most posted car,2017 ford expedition,True
2021-04-24T05:43,texarkana,ar,dealer,29590,70760.0,7311767744,expedition xlt sport,False,1FMJU1JT1HEA52352,most posted car,2017 ford expedition,True
2021-04-24T05:43,northmiss,ms,dealer,29590,70760.0,7311767764,expedition xlt sport,False,1FMJU1JT1HEA52352,most posted car,2017 ford expedition,True
2021-04-24T03:43,ventura,ca,dealer,29590,70760.0,7311767765,expedition xlt sport,False,1FMJU1JT1HEA52352,most posted car,2017 ford expedition,True
2021-04-24T05:43,shreveport,la,dealer,29590,70760.0,7311767770,expedition xlt sport,False,1FMJU1JT1HEA52352,most posted car,2017 ford expedition,True
2021-04-24T06:43,cfl,fl,dealer,29590,70760.0,7311767780,expedition xlt sport,False,1FMJU1JT1HEA52352,most posted car,2017 ford expedition,True
2021-04-24T03:43,merced,ca,dealer,29590,70760.0,7311767782,expedition xlt sport,False,1FMJU1JT1HEA52352,most posted car,2017 ford expedition,True
2021-04-24T06:43,williamsport,pa,dealer,29590,70760.0,7311767789,expedition xlt sport,False,1FMJU1JT1HEA52352,most posted car,2017 ford expedition,True
2021-04-24T05:43,kirksville,mo,dealer,29590,70760.0,7311767795,expedition xlt sport,False,1FMJU1JT1HEA52352,most posted car,2017 ford expedition,True
2021-04-24T06:43,thumb,mi,dealer,29590,70760.0,7311767798,expedition xlt sport,False,1FMJU1JT1HEA52352,most posted car,2017 ford expedition,True
2021-04-24T03:43,fresno,ca,dealer,29590,70760.0,7311767811,expedition xlt sport,False,1FMJU1JT1HEA52352,most posted car,2017 ford expedition,True
2021-04-24T05:50,cenla,la,dealer,29590,70760.0,7311768624,expedition xlt sport,False,1FMJU1JT1HEA52352,most posted car,2017 ford expedition,True
2021-04-24T06:50,capecod,ma,dealer,29590,70760.0,7311768625,expedition xlt sport,False,1FMJU1JT1HEA52352,most posted car,2017 ford expedition,True
2021-04-24T06:50,westmd,md,dealer,29590,70760.0,7311768631,expedition xlt sport,False,1FMJU1JT1HEA52352,most posted car,2017 ford expedition,True
2021-04-24T06:50,delaware,de,dealer,29590,70760.0,7311768648,expedition xlt sport,False,1FMJU1JT1HEA52352,most posted car,2017 ford expedition,True
2021-04-24T07:00,tallahassee,fl,dealer,29590,70760.0,7311769981,expedition xlt sport,False,1FMJU1JT1HEA52352,most posted car,2017 ford expedition,True
2021-04-24T04:00,redding,ca,dealer,29590,70760.0,7311770016,expedition xlt sport,False,1FMJU1JT1HEA52352,most posted car,2017 ford expedition,True
2021-04-24T05:00,pueblo,co,dealer,29590,70760.0,7311770020,expedition xlt sport,False,1FMJU1JT1HEA52352,most posted car,2017 ford expedition,True
2021-04-24T05:00,wyoming,wy,dealer,29590,70760.0,7311770039,expedition xlt sport,False,1FMJU1JT1HEA52352,most posted car,2017 ford expedition,True
2021-04-24T04:12,santabarbara,ca,dealer,29590,70760.0,7311771844,expedition xlt sport,False,1FMJU1JT1HEA52352,most posted car,2017 ford expedition,True
2021-04-24T06:12,masoncity,ia,dealer,29590,70760.0,7311771881,expedition xlt sport,False,1FMJU1JT1HEA52352,most posted car,2017 ford expedition,True
2021-04-24T04:13,reno,ca,dealer,29590,70760.0,7311771948,expedition xlt sport,False,1FMJU1JT1HEA52352,most posted car,2017 ford expedition,True
2021-04-24T06:13,lasalle,il,dealer,29590,70760.0,7311771947,expedition xlt sport,False,1FMJU1JT1HEA52352,most posted car,2017 ford expedition,True
2021-04-24T07:20,valdosta,ga,dealer,29590,70760.0,7311773154,expedition xlt sport,False,1FMJU1JT1HEA52352,most posted car,2017 ford expedition,True
2021-04-24T04:20,flagstaff,az,dealer,29590,70760.0,7311773165,expedition xlt sport,False,1FMJU1JT1HEA52352,most posted car,2017 ford expedition,True
2021-04-24T05:20,elpaso,tx,dealer,29590,70760.0,7311773178,expedition xlt sport,False,1FMJU1JT1HEA52352,most posted car,2017 ford expedition,True
2021-04-24T06:20,austin,tx,dealer,29590,70760.0,7311773191,expedition xlt sport,False,1FMJU1JT1HEA52352,most posted car,2017 ford expedition,True
2021-04-24T07:20,meadville,pa,dealer,29590,70760.0,7311773199,expedition xlt sport,False,1FMJU1JT1HEA52352,most posted car,2017 ford expedition,True
2021-04-24T07:31,treasure,fl,dealer,29590,70760.0,7311774990,expedition xlt sport,False,1FMJU1JT1HEA52352,most posted car,2017 ford expedition,True
2021-04-24T06:31,nwks,ks,dealer,29590,70760.0,7311775006,expedition xlt sport,False,1FMJU1JT1HEA52352,most posted car,2017 ford expedition,True
2021-04-24T07:00,sanmarcos,tx,dealer,29590,70760.0,7311781164,expedition xlt sport,False,1FMJU1JT1HEA52352,most posted car,2017 ford expedition,True
2021-04-24T07:11,peoria,il,dealer,29590,70760.0,7311783966,expedition xlt sport,False,1FMJU1JT1HEA52352,most posted car,2017 ford expedition,True
2021-04-24T08:11,altoona,pa,dealer,29590,70760.0,7311783976,expedition xlt sport,False,1FMJU1JT1HEA52352,most posted car,2017 ford expedition,True
2021-04-24T08:11,charlottesville,va,dealer,29590,70760.0,7311783984,expedition xlt sport,False,1FMJU1JT1HEA52352,most posted car,2017 ford expedition,True
2021-04-24T08:11,newlondon,ct,dealer,29590,70760.0,7311784000,expedition xlt sport,False,1FMJU1JT1HEA52352,most posted car,2017 ford expedition,True
2021-04-24T08:11,flint,mi,dealer,29590,70760.0,7311784043,expedition xlt sport,False,1FMJU1JT1HEA52352,most posted car,2017 ford expedition,True
2021-04-24T08:11,muskegon,mi,dealer,29590,70760.0,7311784051,expedition xlt sport,False,1FMJU1JT1HEA52352,most posted car,2017 ford expedition,True
2021-04-24T08:11,macon,ga,dealer,29590,70760.0,7311784054,expedition xlt sport,False,1FMJU1JT1HEA52352,most posted car,2017 ford expedition,True
2021-04-24T08:11,columbusga,ga,dealer,29590,70760.0,7311784077,expedition xlt sport,False,1FMJU1JT1HEA52352,most posted car,2017 ford expedition,True
2021-04-24T08:11,albanyga,ga,dealer,29590,70760.0,7311784092,expedition xlt sport,False,1FMJU1JT1HEA52352,most posted car,2017 ford expedition,True
2021-04-24T07:11,milwaukee,wi,dealer,29590,70760.0,7311784162,expedition xlt sport,False,1FMJU1JT1HEA52352,most posted car,2017 ford expedition,True
2021-04-24T08:23,glensfalls,ny,dealer,29590,70760.0,7311787255,expedition xlt sport,False,1FMJU1JT1HEA52352,most posted car,2017 ford expedition,True
2021-04-24T08:23,jxn,mi,dealer,29590,70760.0,7311787281,expedition xlt sport,False,1FMJU1JT1HEA52352,most posted car,2017 ford expedition,True
2021-04-24T07:23,victoriatx,tx,dealer,29590,70760.0,7311787299,expedition xlt sport,False,1FMJU1JT1HEA52352,most posted car,2017 ford expedition,True
2021-04-24T07:24,greenbay,wi,dealer,29590,70760.0,7311787406,expedition xlt sport,False,1FMJU1JT1HEA52352,most posted car,2017 ford expedition,True
2021-04-24T08:24,charlestonwv,wv,dealer,29590,70760.0,7311787440,expedition xlt sport,False,1FMJU1JT1HEA52352,most posted car,2017 ford expedition,True
2021-04-24T08:31,athensohio,oh,dealer,29590,70760.0,7311789248,expedition xlt sport,False,1FMJU1JT1HEA52352,most posted car,2017 ford expedition,True
2021-04-24T08:31,tuscarawas,oh,dealer,29590,70760.0,7311789309,expedition xlt sport,False,1FMJU1JT1HEA52352,most posted car,2017 ford expedition,True
2021-04-24T07:31,carbondale,il,dealer,29590,70760.0,7311789404,expedition xlt sport,False,1FMJU1JT1HEA52352,most posted car,2017 ford expedition,True
2021-04-24T08:31,danville,va,dealer,29590,70760.0,7311789439,expedition xlt sport,False,1FMJU1JT1HEA52352,most posted car,2017 ford expedition,True
2021-04-24T08:31,harrisburg,pa,dealer,29590,70760.0,7311789453,expedition xlt sport,False,1FMJU1JT1HEA52352,most posted car,2017 ford expedition,True
2021-04-24T08:45,chillicothe,oh,dealer,29590,70760.0,7311793348,expedition xlt sport,False,1FMJU1JT1HEA52352,most posted car,2017 ford expedition,True
2021-04-24T08:45,fingerlakes,ny,dealer,29590,70760.0,7311793415,expedition xlt sport,False,1FMJU1JT1HEA52352,most posted car,2017 ford expedition,True
2021-04-24T08:45,limaohio,oh,dealer,29590,70760.0,7311793454,expedition xlt sport,False,1FMJU1JT1HEA52352,most posted car,2017 ford expedition,True
2021-04-24T08:46,ocala,fl,dealer,29590,70760.0,7311793553,expedition xlt sport,False,1FMJU1JT1HEA52352,most posted car,2017 ford expedition,True
2021-04-24T08:51,chautauqua,ny,dealer,29590,70760.0,7311795108,expedition xlt sport,False,1FMJU1JT1HEA52352,most posted car,2017 ford expedition,True
2021-04-24T08:51,tricities,tn,dealer,29590,70760.0,7311795107,expedition xlt sport,False,1FMJU1JT1HEA52352,most posted car,2017 ford expedition,True
2021-04-24T08:51,holland,mi,dealer,29590,70760.0,7311795164,expedition xlt sport,False,1FMJU1JT1HEA52352,most posted car,2017 ford expedition,True
2021-04-24T08:51,daytona,fl,dealer,29590,70760.0,7311795206,expedition xlt sport,False,1FMJU1JT1HEA52352,most posted car,2017 ford expedition,True
2021-04-24T09:08,spacecoast,fl,dealer,29590,70760.0,7311800902,expedition xlt sport,False,1FMJU1JT1HEA52352,most posted car,2017 ford expedition,True
2021-04-24T09:08,battlecreek,mi,dealer,29590,70760.0,7311800910,expedition xlt sport,False,1FMJU1JT1HEA52352,most posted car,2017 ford expedition,True
2021-04-24T08:08,dothan,al,dealer,29590,70760.0,7311801032,expedition xlt sport,False,1FMJU1JT1HEA52352,most posted car,2017 ford expedition,True
2021-04-24T06:08,visalia,ca,dealer,29590,70760.0,7311801044,expedition xlt sport,False,1FMJU1JT1HEA52352,most posted car,2017 ford expedition,True
2021-04-24T09:08,tippecanoe,in,dealer,29590,70760.0,7311801047,expedition xlt sport,False,1FMJU1JT1HEA52352,most posted car,2017 ford expedition,True
2021-04-24T08:09,montgomery,al,dealer,29590,70760.0,7311801056,expedition xlt sport,False,1FMJU1JT1HEA52352,most posted car,2017 ford expedition,True
2021-04-24T08:09,bgky,ky,dealer,29590,70760.0,7311801108,expedition xlt sport,False,1FMJU1JT1HEA52352,most posted car,2017 ford expedition,True
2021-04-24T06:09,prescott,az,dealer,29590,70760.0,7311801128,expedition xlt sport,False,1FMJU1JT1HEA52352,most posted car,2017 ford expedition,True
2021-04-24T09:22,eastnc,nc,dealer,29590,70760.0,7311805621,expedition xlt sport,False,1FMJU1JT1HEA52352,most posted car,2017 ford expedition,True
2021-04-24T09:22,norfolk,va,dealer,29590,70760.0,7311805638,expedition xlt sport,False,1FMJU1JT1HEA52352,most posted car,2017 ford expedition,True
2021-04-24T09:22,wheeling,oh,dealer,29590,70760.0,7311805652,expedition xlt sport,False,1FMJU1JT1HEA52352,most posted car,2017 ford expedition,True
2021-04-24T09:22,harrisonburg,va,dealer,29590,70760.0,7311805655,expedition xlt sport,False,1FMJU1JT1HEA52352,most posted car,2017 ford expedition,True
2021-04-24T09:22,athensga,ga,dealer,29590,70760.0,7311805675,expedition xlt sport,False,1FMJU1JT1HEA52352,most posted car,2017 ford expedition,True
2021-04-24T08:22,texoma,ok,dealer,29590,70760.0,7311805677,expedition xlt sport,False,1FMJU1JT1HEA52352,most posted car,2017 ford expedition,True
2021-04-24T09:22,lancaster,pa,dealer,29590,70760.0,7311805678,expedition xlt sport,False,1FMJU1JT1HEA52352,most posted car,2017 ford expedition,True
2021-04-24T08:22,westky,ky,dealer,29590,70760.0,7311805710,expedition xlt sport,False,1FMJU1JT1HEA52352,most posted car,2017 ford expedition,True
2021-04-24T08:22,loz,mo,dealer,29590,70760.0,7311805758,expedition xlt sport,False,1FMJU1JT1HEA52352,most posted car,2017 ford expedition,True
2021-04-24T09:22,fredericksburg,va,dealer,29590,70760.0,7311805778,expedition xlt sport,False,1FMJU1JT1HEA52352,most posted car,2017 ford expedition,True
2021-04-24T09:30,eastky,ky,dealer,29590,70760.0,7311809012,expedition xlt sport,False,1FMJU1JT1HEA52352,most posted car,2017 ford expedition,True
2021-04-24T09:31,brunswick,ga,dealer,29590,70760.0,7311809052,expedition xlt sport,False,1FMJU1JT1HEA52352,most posted car,2017 ford expedition,True
2021-04-24T09:31,richmond,va,dealer,29590,70760.0,7311809081,expedition xlt sport,False,1FMJU1JT1HEA52352,most posted car,2017 ford expedition,True
2021-04-24T09:31,kokomo,in,dealer,29590,70760.0,7311809133,expedition xlt sport,False,1FMJU1JT1HEA52352,most posted car,2017 ford expedition,True
2021-04-24T09:31,watertown,ny,dealer,29590,70760.0,7311809146,expedition xlt sport,False,1FMJU1JT1HEA52352,most posted car,2017 ford expedition,True
2021-04-24T09:31,frederick,md,dealer,29590,70760.0,7311809208,expedition xlt sport,False,1FMJU1JT1HEA52352,most posted car,2017 ford expedition,True
2021-04-24T09:43,richmondin,in,dealer,29590,70760.0,7311814018,expedition xlt sport,False,1FMJU1JT1HEA52352,most posted car,2017 ford expedition,True
2021-04-24T08:43,galveston,tx,dealer,29590,70760.0,7311814088,expedition xlt sport,False,1FMJU1JT1HEA52352,most posted car,2017 ford expedition,True
2021-04-24T09:43,nwga,ga,dealer,29590,70760.0,7311814109,expedition xlt sport,False,1FMJU1JT1HEA52352,most posted car,2017 ford expedition,True
2021-04-24T09:43,keys,fl,dealer,29590,70760.0,7311814233,expedition xlt sport,False,1FMJU1JT1HEA52352,most posted car,2017 ford expedition,True
2021-04-24T09:43,saginaw,mi,dealer,29590,70760.0,7311814259,expedition xlt sport,False,1FMJU1JT1HEA52352,most posted car,2017 ford expedition,True
2021-04-24T09:43,roanoke,va,dealer,29590,70760.0,7311814258,expedition xlt sport,False,1FMJU1JT1HEA52352,most posted car,2017 ford expedition,True
2021-04-24T09:43,catskills,ny,dealer,29590,70760.0,7311814303,expedition xlt sport,False,1FMJU1JT1HEA52352,most posted car,2017 ford expedition,True
2021-04-24T09:43,hickory,nc,dealer,29590,70760.0,7311814302,expedition xlt sport,False,1FMJU1JT1HEA52352,most posted car,2017 ford expedition,True
2021-04-24T09:51,louisville,ky,dealer,29590,70760.0,7311817937,expedition xlt sport,False,1FMJU1JT1HEA52352,most posted car,2017 ford expedition,True
2021-04-24T08:51,memphis,tn,dealer,29590,70760.0,7311817991,expedition xlt sport,False,1FMJU1JT1HEA52352,most posted car,2017 ford expedition,True
2021-04-24T08:51,jacksontn,tn,dealer,29590,70760.0,7311818028,expedition xlt sport,False,1FMJU1JT1HEA52352,most posted car,2017 ford expedition,True
2021-04-24T09:52,zanesville,oh,dealer,29590,70760.0,7311818168,expedition xlt sport,False,1FMJU1JT1HEA52352,most posted car,2017 ford expedition,True
2021-04-24T08:52,auburn,al,dealer,29590,70760.0,7311818189,expedition xlt sport,False,1FMJU1JT1HEA52352,most posted car,2017 ford expedition,True
2021-04-24T10:01,onslow,nc,dealer,29590,70760.0,7311822775,expedition xlt sport,False,1FMJU1JT1HEA52352,most posted car,2017 ford expedition,True
2021-04-24T09:01,mattoon,il,dealer,29590,70760.0,7311822798,expedition xlt sport,False,1FMJU1JT1HEA52352,most posted car,2017 ford expedition,True
2021-04-24T10:01,statesboro,ga,dealer,29590,70760.0,7311822845,expedition xlt sport,False,1FMJU1JT1HEA52352,most posted car,2017 ford expedition,True
2021-04-24T10:01,ashtabula,oh,dealer,29590,70760.0,7311822876,expedition xlt sport,False,1FMJU1JT1HEA52352,most posted car,2017 ford expedition,True
2021-04-24T10:01,chambersburg,md,dealer,29590,70760.0,7311822881,expedition xlt sport,False,1FMJU1JT1HEA52352,most posted car,2017 ford expedition,True
2021-04-24T09:01,gadsden,al,dealer,29590,70760.0,7311823034,expedition xlt sport,False,1FMJU1JT1HEA52352,most posted car,2017 ford expedition,True
2021-04-24T10:10,sandusky,oh,dealer,29590,70760.0,7311827641,expedition xlt sport,False,1FMJU1JT1HEA52352,most posted car,2017 ford expedition,True
2021-04-24T10:10,dayton,oh,dealer,29590,70760.0,7311827693,expedition xlt sport,False,1FMJU1JT1HEA52352,most posted car,2017 ford expedition,True
2021-04-24T07:11,chico,ca,dealer,29590,70760.0,7311827774,expedition xlt sport,False,1FMJU1JT1HEA52352,most posted car,2017 ford expedition,True
2021-04-24T10:11,swmi,mi,dealer,29590,70760.0,7311827772,expedition xlt sport,False,1FMJU1JT1HEA52352,most posted car,2017 ford expedition,True
2021-04-24T10:11,pennstate,pa,dealer,29590,70760.0,7311827827,expedition xlt sport,False,1FMJU1JT1HEA52352,most posted car,2017 ford expedition,True
2021-04-24T10:11,annapolis,md,dealer,29590,70760.0,7311827834,expedition xlt sport,False,1FMJU1JT1HEA52352,most posted car,2017 ford expedition,True
2021-04-24T09:11,bn,il,dealer,29590,70760.0,7311827852,expedition xlt sport,False,1FMJU1JT1HEA52352,most posted car,2017 ford expedition,True
2021-04-24T10:11,erie,pa,dealer,29590,70760.0,7311827851,expedition xlt sport,False,1FMJU1JT1HEA52352,most posted car,2017 ford expedition,True
2021-04-24T10:11,centralmich,mi,dealer,29590,70760.0,7311827928,expedition xlt sport,False,1FMJU1JT1HEA52352,most posted car,2017 ford expedition,True
2021-04-24T10:20,augusta,ga,dealer,29590,70760.0,7311832468,expedition xlt sport,False,1FMJU1JT1HEA52352,most posted car,2017 ford expedition,True
2021-04-24T09:21,corpuschristi,tx,dealer,29590,70760.0,7311832551,expedition xlt sport,False,1FMJU1JT1HEA52352,most posted car,2017 ford expedition,True
2021-04-24T09:21,sheboygan,wi,dealer,29590,70760.0,7311832579,expedition xlt sport,False,1FMJU1JT1HEA52352,most posted car,2017 ford expedition,True
2021-04-24T09:21,mankato,mn,dealer,29590,70760.0,7311832610,expedition xlt sport,False,1FMJU1JT1HEA52352,most posted car,2017 ford expedition,True
2021-04-24T10:21,jerseyshore,nj,dealer,29590,70760.0,7311832611,expedition xlt sport,False,1FMJU1JT1HEA52352,most posted car,2017 ford expedition,True
2021-04-24T10:21,blacksburg,va,dealer,29590,70760.0,7311832604,expedition xlt sport,False,1FMJU1JT1HEA52352,most posted car,2017 ford expedition,True
2021-04-24T10:21,elmira,ny,dealer,29590,70760.0,7311832636,expedition xlt sport,False,1FMJU1JT1HEA52352,most posted car,2017 ford expedition,True
2021-04-24T10:21,syracuse,ny,dealer,29590,70760.0,7311832693,expedition xlt sport,False,1FMJU1JT1HEA52352,most posted car,2017 ford expedition,True
2021-04-24T09:21,appleton,wi,dealer,29590,70760.0,7311832723,expedition xlt sport,False,1FMJU1JT1HEA52352,most posted car,2017 ford expedition,True
2021-04-24T10:21,hiltonhead,sc,dealer,29590,70760.0,7311832738,expedition xlt sport,False,1FMJU1JT1HEA52352,most posted car,2017 ford expedition,True
2021-04-24T10:21,binghamton,ny,dealer,29590,70760.0,7311832742,expedition xlt sport,False,1FMJU1JT1HEA52352,most posted car,2017 ford expedition,True
2021-04-24T09:21,clarksville,tn,dealer,29590,70760.0,7311832864,expedition xlt sport,False,1FMJU1JT1HEA52352,most posted car,2017 ford expedition,True
2021-04-24T10:31,florencesc,sc,dealer,29590,70760.0,7311837735,expedition xlt sport,False,1FMJU1JT1HEA52352,most posted car,2017 ford expedition,True
2021-04-24T09:31,rockford,il,dealer,29590,70760.0,7311837788,expedition xlt sport,False,1FMJU1JT1HEA52352,most posted car,2017 ford expedition,True
2021-04-24T10:31,kalamazoo,mi,dealer,29590,70760.0,7311837789,expedition xlt sport,False,1FMJU1JT1HEA52352,most posted car,2017 ford expedition,True
2021-04-24T07:31,yubasutter,ca,dealer,29590,70760.0,7311837799,expedition xlt sport,False,1FMJU1JT1HEA52352,most posted car,2017 ford expedition,True
2021-04-24T09:31,rmn,mn,dealer,29590,70760.0,7311837797,expedition xlt sport,False,1FMJU1JT1HEA52352,most posted car,2017 ford expedition,True
2021-04-24T09:31,stcloud,mn,dealer,29590,70760.0,7311837819,expedition xlt sport,False,1FMJU1JT1HEA52352,most posted car,2017 ford expedition,True
2021-04-24T10:31,monroemi,mi,dealer,29590,70760.0,7311837816,expedition xlt sport,False,1FMJU1JT1HEA52352,most posted car,2017 ford expedition,True
2021-04-24T10:31,fortwayne,in,dealer,29590,70760.0,7311837913,expedition xlt sport,False,1FMJU1JT1HEA52352,most posted car,2017 ford expedition,True
2021-04-24T09:31,decatur,il,dealer,29590,70760.0,7311837925,expedition xlt sport,False,1FMJU1JT1HEA52352,most posted car,2017 ford expedition,True
2021-04-24T09:31,owensboro,ky,dealer,29590,70760.0,7311837958,expedition xlt sport,False,1FMJU1JT1HEA52352,most posted car,2017 ford expedition,True
2021-04-24T09:40,cookeville,tn,dealer,29590,70760.0,7311842906,expedition xlt sport,False,1FMJU1JT1HEA52352,most posted car,2017 ford expedition,True
2021-04-24T10:40,parkersburg,oh,dealer,29590,70760.0,7311842915,expedition xlt sport,False,1FMJU1JT1HEA52352,most posted car,2017 ford expedition,True
2021-04-24T09:40,madison,wi,dealer,29590,70760.0,7311842926,expedition xlt sport,False,1FMJU1JT1HEA52352,most posted car,2017 ford expedition,True
2021-04-24T10:40,savannah,ga,dealer,29590,70760.0,7311842947,expedition xlt sport,False,1FMJU1JT1HEA52352,most posted car,2017 ford expedition,True
2021-04-24T10:40,twintiers,ny,dealer,29590,70760.0,7311842984,expedition xlt sport,False,1FMJU1JT1HEA52352,most posted car,2017 ford expedition,True
2021-04-24T09:41,salina,ks,dealer,29590,70760.0,7311843055,expedition xlt sport,False,1FMJU1JT1HEA52352,most posted car,2017 ford expedition,True
2021-04-24T09:41,eauclaire,wi,dealer,29590,70760.0,7311843082,expedition xlt sport,False,1FMJU1JT1HEA52352,most posted car,2017 ford expedition,True
2021-04-24T09:41,springfieldil,il,dealer,29590,70760.0,7311843088,expedition xlt sport,False,1FMJU1JT1HEA52352,most posted car,2017 ford expedition,True
2021-04-24T09:41,brainerd,mn,dealer,29590,70760.0,7311843113,expedition xlt sport,False,1FMJU1JT1HEA52352,most posted car,2017 ford expedition,True
2021-04-24T09:41,lawton,ok,dealer,29590,70760.0,7311843107,expedition xlt sport,False,1FMJU1JT1HEA52352,most posted car,2017 ford expedition,True
2021-04-24T09:41,tuscaloosa,al,dealer,29590,70760.0,7311843143,expedition xlt sport,False,1FMJU1JT1HEA52352,most posted car,2017 ford expedition,True
2021-04-24T09:41,waco,tx,dealer,29590,70760.0,7311843172,expedition xlt sport,False,1FMJU1JT1HEA52352,most posted car,2017 ford expedition,True
2021-04-24T10:41,winchester,va,dealer,29590,70760.0,7311843176,expedition xlt sport,False,1FMJU1JT1HEA52352,most posted car,2017 ford expedition,True
2021-04-24T10:41,youngstown,oh,dealer,29590,70760.0,7311843258,expedition xlt sport,False,1FMJU1JT1HEA52352,most posted car,2017 ford expedition,True
2021-04-24T09:51,chambana,il,dealer,29590,70760.0,7311848463,expedition xlt sport,False,1FMJU1JT1HEA52352,most posted car,2017 ford expedition,True
2021-04-24T09:51,easttexas,tx,dealer,29590,70760.0,7311848493,expedition xlt sport,False,1FMJU1JT1HEA52352,most posted car,2017 ford expedition,True
2021-04-24T08:51,santafe,nm,dealer,29590,70760.0,7311848504,expedition xlt sport,False,1FMJU1JT1HEA52352,most posted car,2017 ford expedition,True
2021-04-24T09:51,kansascity,ks,dealer,29590,70760.0,7311848531,expedition xlt sport,False,1FMJU1JT1HEA52352,most posted car,2017 ford expedition,True
2021-04-24T10:51,boone,nc,dealer,29590,70760.0,7311848541,expedition xlt sport,False,1FMJU1JT1HEA52352,most posted car,2017 ford expedition,True
2021-04-24T10:51,gainesville,fl,dealer,29590,70760.0,7311848554,expedition xlt sport,False,1FMJU1JT1HEA52352,most posted car,2017 ford expedition,True
2021-04-24T10:51,utica,ny,dealer,29590,70760.0,7311848618,expedition xlt sport,False,1FMJU1JT1HEA52352,most posted car,2017 ford expedition,True
2021-04-24T10:01,stlouis,il,dealer,29590,70760.0,7311854253,expedition xlt sport,False,1FMJU1JT1HEA52352,most posted car,2017 ford expedition,True
2021-04-24T11:01,nwct,ct,dealer,29590,70760.0,7311854347,expedition xlt sport,False,1FMJU1JT1HEA52352,most posted car,2017 ford expedition,True
2021-04-24T10:01,jonesboro,ar,dealer,29590,70760.0,7311854351,expedition xlt sport,False,1FMJU1JT1HEA52352,most posted car,2017 ford expedition,True
2021-04-24T11:01,knoxville,tn,dealer,29590,70760.0,7311854457,expedition xlt sport,False,1FMJU1JT1HEA52352,most posted car,2017 ford expedition,True
2021-04-24T10:01,janesville,wi,dealer,29590,70760.0,7311854493,expedition xlt sport,False,1FMJU1JT1HEA52352,most posted car,2017 ford expedition,True
2021-04-24T10:01,oklahomacity,ok,dealer,29590,70760.0,7311854522,expedition xlt sport,False,1FMJU1JT1HEA52352,most posted car,2017 ford expedition,True
2021-04-24T10:01,racine,wi,dealer,29590,70760.0,7311854537,expedition xlt sport,False,1FMJU1JT1HEA52352,most posted car,2017 ford expedition,True
2021-04-24T11:10,ithaca,ny,dealer,29590,70760.0,7311860075,expedition xlt sport,False,1FMJU1JT1HEA52352,most posted car,2017 ford expedition,True
2021-04-24T11:11,porthuron,mi,dealer,29590,70760.0,7311860115,expedition xlt sport,False,1FMJU1JT1HEA52352,most posted car,2017 ford expedition,True
2021-04-24T10:11,collegestation,tx,dealer,29590,70760.0,7311860143,expedition xlt sport,False,1FMJU1JT1HEA52352,most posted car,2017 ford expedition,True
2021-04-24T10:11,killeen,tx,dealer,29590,70760.0,7311860219,expedition xlt sport,False,1FMJU1JT1HEA52352,most posted car,2017 ford expedition,True
2021-04-24T09:11,boulder,co,dealer,29590,70760.0,7311860244,expedition xlt sport,False,1FMJU1JT1HEA52352,most posted car,2017 ford expedition,True
2021-04-24T11:11,chattanooga,tn,dealer,29590,70760.0,7311860275,expedition xlt sport,False,1FMJU1JT1HEA52352,most posted car,2017 ford expedition,True
2021-04-24T11:11,smd,md,dealer,29590,70760.0,7311860347,expedition xlt sport,False,1FMJU1JT1HEA52352,most posted car,2017 ford expedition,True
2021-04-24T08:20,sierravista,az,dealer,29590,70760.0,7311865754,expedition xlt sport,False,1FMJU1JT1HEA52352,most posted car,2017 ford expedition,True
2021-04-24T11:20,terrehaute,in,dealer,29590,70760.0,7311865772,expedition xlt sport,False,1FMJU1JT1HEA52352,most posted car,2017 ford expedition,True
2021-04-24T11:20,morgantown,wv,dealer,29590,70760.0,7311865760,expedition xlt sport,False,1FMJU1JT1HEA52352,most posted car,2017 ford expedition,True
2021-04-24T11:20,charleston,sc,dealer,29590,70760.0,7311865845,expedition xlt sport,False,1FMJU1JT1HEA52352,most posted car,2017 ford expedition,True
2021-04-24T11:20,cincinnati,oh,dealer,29590,70760.0,7311865859,expedition xlt sport,False,1FMJU1JT1HEA52352,most posted car,2017 ford expedition,True
2021-04-24T08:21,bakersfield,ca,dealer,29590,70760.0,7311865951,expedition xlt sport,False,1FMJU1JT1HEA52352,most posted car,2017 ford expedition,True
2021-04-24T10:21,beaumont,tx,dealer,29590,70760.0,7311865986,expedition xlt sport,False,1FMJU1JT1HEA52352,most posted car,2017 ford expedition,True
2021-04-24T11:21,mansfield,oh,dealer,29590,70760.0,7311865980,expedition xlt sport,False,1FMJU1JT1HEA52352,most posted car,2017 ford expedition,True
2021-04-24T10:21,topeka,ks,dealer,29590,70760.0,7311865993,expedition xlt sport,False,1FMJU1JT1HEA52352,most posted car,2017 ford expedition,True
2021-04-24T10:21,bham,al,dealer,29590,70760.0,7311865995,expedition xlt sport,False,1FMJU1JT1HEA52352,most posted car,2017 ford expedition,True
2021-04-24T08:21,monterey,ca,dealer,29590,70760.0,7311866035,expedition xlt sport,False,1FMJU1JT1HEA52352,most posted car,2017 ford expedition,True
2021-04-24T11:30,martinsburg,wv,dealer,29590,70760.0,7311871715,expedition xlt sport,False,1FMJU1JT1HEA52352,most posted car,2017 ford expedition,True
2021-04-24T10:31,huntsville,al,dealer,29590,70760.0,7311871863,expedition xlt sport,False,1FMJU1JT1HEA52352,most posted car,2017 ford expedition,True
2021-04-24T11:31,bloomington,in,dealer,29590,70760.0,7311871870,expedition xlt sport,False,1FMJU1JT1HEA52352,most posted car,2017 ford expedition,True
2021-04-24T11:31,columbia,sc,dealer,29590,70760.0,7311871980,expedition xlt sport,False,1FMJU1JT1HEA52352,most posted car,2017 ford expedition,True
2021-04-24T11:31,poconos,pa,dealer,29590,70760.0,7311871986,expedition xlt sport,False,1FMJU1JT1HEA52352,most posted car,2017 ford expedition,True
2021-04-24T11:31,southcoast,ma,dealer,29590,70760.0,7311872047,expedition xlt sport,False,1FMJU1JT1HEA52352,most posted car,2017 ford expedition,True
2021-04-24T11:41,greenville,sc,dealer,29590,70760.0,7311877808,expedition xlt sport,False,1FMJU1JT1HEA52352,most posted car,2017 ford expedition,True
2021-04-24T11:41,staugustine,fl,dealer,29590,70760.0,7311877899,expedition xlt sport,False,1FMJU1JT1HEA52352,most posted car,2017 ford expedition,True
2021-04-24T11:41,cnj,nj,dealer,29590,70760.0,7311877972,expedition xlt sport,False,1FMJU1JT1HEA52352,most posted car,2017 ford expedition,True
2021-04-24T10:41,enid,ok,dealer,29590,70760.0,7311877974,expedition xlt sport,False,1FMJU1JT1HEA52352,most posted car,2017 ford expedition,True
2021-04-24T11:41,indianapolis,in,dealer,29590,70760.0,7311878052,expedition xlt sport,False,1FMJU1JT1HEA52352,most posted car,2017 ford expedition,True
2021-04-24T11:41,lynchburg,va,dealer,29590,70760.0,7311878060,expedition xlt sport,False,1FMJU1JT1HEA52352,most posted car,2017 ford expedition,True
2021-04-24T10:41,ksu,ks,dealer,29590,70760.0,7311878086,expedition xlt sport,False,1FMJU1JT1HEA52352,most posted car,2017 ford expedition,True
2021-04-24T10:41,stillwater,ok,dealer,29590,70760.0,7311878138,expedition xlt sport,False,1FMJU1JT1HEA52352,most posted car,2017 ford expedition,True
2021-04-24T11:41,lexington,ky,dealer,29590,70760.0,7311878168,expedition xlt sport,False,1FMJU1JT1HEA52352,most posted car,2017 ford expedition,True
2021-04-24T11:41,toledo,oh,dealer,29590,70760.0,7311878310,expedition xlt sport,False,1FMJU1JT1HEA52352,most posted car,2017 ford expedition,True
2021-04-24T10:50,stjoseph,mo,dealer,29590,70760.0,7311883700,expedition xlt sport,False,1FMJU1JT1HEA52352,most posted car,2017 ford expedition,True
2021-04-24T11:50,akroncanton,oh,dealer,29590,70760.0,7311883703,expedition xlt sport,False,1FMJU1JT1HEA52352,most posted car,2017 ford expedition,True
2021-04-24T11:50,hudsonvalley,ny,dealer,29590,70760.0,7311883727,expedition xlt sport,False,1FMJU1JT1HEA52352,most posted car,2017 ford expedition,True
2021-04-24T11:50,southbend,in,dealer,29590,70760.0,7311883732,expedition xlt sport,False,1FMJU1JT1HEA52352,most posted car,2017 ford expedition,True
2021-04-24T11:50,lansing,mi,dealer,29590,70760.0,7311883734,expedition xlt sport,False,1FMJU1JT1HEA52352,most posted car,2017 ford expedition,True
2021-04-24T11:51,grandrapids,mi,dealer,29590,70760.0,7311883791,expedition xlt sport,False,1FMJU1JT1HEA52352,most posted car,2017 ford expedition,True
2021-04-24T11:51,southjersey,nj,dealer,29590,70760.0,7311883870,expedition xlt sport,False,1FMJU1JT1HEA52352,most posted car,2017 ford expedition,True
2021-04-24T10:51,evansville,in,dealer,29590,70760.0,7311883878,expedition xlt sport,False,1FMJU1JT1HEA52352,most posted car,2017 ford expedition,True
2021-04-24T11:51,allentown,pa,dealer,29590,70760.0,7311883909,expedition xlt sport,False,1FMJU1JT1HEA52352,most posted car,2017 ford expedition,True
2021-04-24T08:51,goldcountry,ca,dealer,29590,70760.0,7311884132,expedition xlt sport,False,1FMJU1JT1HEA52352,most posted car,2017 ford expedition,True
2021-04-24T10:00,albuquerque,nm,dealer,29590,70760.0,7311889753,expedition xlt sport,False,1FMJU1JT1HEA52352,most posted car,2017 ford expedition,True
2021-04-24T12:00,asheville,nc,dealer,29590,70760.0,7311889889,expedition xlt sport,False,1FMJU1JT1HEA52352,most posted car,2017 ford expedition,True
2021-04-24T12:01,columbus,oh,dealer,29590,70760.0,7311890049,expedition xlt sport,False,1FMJU1JT1HEA52352,most posted car,2017 ford expedition,True
2021-04-24T12:01,charlotte,nc,dealer,29590,70760.0,7311890135,expedition xlt sport,False,1FMJU1JT1HEA52352,most posted car,2017 ford expedition,True
2021-04-24T12:11,sarasota,fl,dealer,29590,70760.0,7311896232,expedition xlt sport,False,1FMJU1JT1HEA52352,most posted car,2017 ford expedition,True
2021-04-24T12:11,wilmington,nc,dealer,29590,70760.0,7311896409,expedition xlt sport,False,1FMJU1JT1HEA52352,most posted car,2017 ford expedition,True
2021-04-24T12:21,jacksonville,fl,dealer,29590,70760.0,7311902587,expedition xlt sport,False,1FMJU1JT1HEA52352,most posted car,2017 ford expedition,True
2021-04-24T11:21,wichitafalls,tx,dealer,29590,70760.0,7311902594,expedition xlt sport,False,1FMJU1JT1HEA52352,most posted car,2017 ford expedition,True
2021-04-24T12:21,annarbor,mi,dealer,29590,70760.0,7311902612,expedition xlt sport,False,1FMJU1JT1HEA52352,most posted car,2017 ford expedition,True
2021-04-24T12:21,albany,ny,dealer,29590,70760.0,7311902781,expedition xlt sport,False,1FMJU1JT1HEA52352,most posted car,2017 ford expedition,True
2021-04-24T12:21,myrtlebeach,sc,dealer,29590,70760.0,7311902805,expedition xlt sport,False,1FMJU1JT1HEA52352,most posted car,2017 ford expedition,True
2021-04-24T12:31,orlando,fl,dealer,29590,70760.0,7311909263,expedition xlt sport,False,1FMJU1JT1HEA52352,most posted car,2017 ford expedition,True
2021-04-24T12:31,easternshore,md,dealer,29590,70760.0,7311909346,expedition xlt sport,False,1FMJU1JT1HEA52352,most posted car,2017 ford expedition,True
2021-04-24T11:41,shoals,al,dealer,29590,70760.0,7311915565,expedition xlt sport,False,1FMJU1JT1HEA52352,most posted car,2017 ford expedition,True
2021-04-24T12:41,pittsburgh,pa,dealer,29590,70760.0,7311915719,expedition xlt sport,False,1FMJU1JT1HEA52352,most posted car,2017 ford expedition,True
2021-04-24T12:41,winstonsalem,nc,dealer,29590,70760.0,7311915818,expedition xlt sport,False,1FMJU1JT1HEA52352,most posted car,2017 ford expedition,True
2021-04-24T10:42,fortcollins,co,dealer,29590,70760.0,7311916305,expedition xlt sport,False,1FMJU1JT1HEA52352,most posted car,2017 ford expedition,True
2021-04-24T12:42,fortmyers,fl,dealer,29590,70760.0,7311916308,expedition xlt sport,False,1FMJU1JT1HEA52352,most posted car,2017 ford expedition,True
2021-04-24T09:50,hanford,ca,dealer,29590,70760.0,7311922032,expedition xlt sport,False,1FMJU1JT1HEA52352,most posted car,2017 ford expedition,True
2021-04-24T12:51,greensboro,nc,dealer,29590,70760.0,7311922076,expedition xlt sport,False,1FMJU1JT1HEA52352,most posted car,2017 ford expedition,True
2021-04-24T12:51,scranton,pa,dealer,29590,70760.0,7311922114,expedition xlt sport,False,1FMJU1JT1HEA52352,most posted car,2017 ford expedition,True
2021-04-24T12:51,buffalo,ny,dealer,29590,70760.0,7311922200,expedition xlt sport,False,1FMJU1JT1HEA52352,most posted car,2017 ford expedition,True
2021-04-24T11:51,lawrence,ks,dealer,29590,70760.0,7311922217,expedition xlt sport,False,1FMJU1JT1HEA52352,most posted car,2017 ford expedition,True
2021-04-24T10:01,tucson,az,dealer,29590,70760.0,7311928717,expedition xlt sport,False,1FMJU1JT1HEA52352,most posted car,2017 ford expedition,True
2021-04-24T13:01,lakeland,fl,dealer,29590,70760.0,7311928907,expedition xlt sport,False,1FMJU1JT1HEA52352,most posted car,2017 ford expedition,True
2021-04-24T13:01,providence,ri,dealer,29590,70760.0,7311929081,expedition xlt sport,False,1FMJU1JT1HEA52352,most posted car,2017 ford expedition,True
2021-04-24T10:11,lasvegas,nv,dealer,29590,70760.0,7311935351,expedition xlt sport,False,1FMJU1JT1HEA52352,most posted car,2017 ford expedition,True
2021-04-24T13:11,cleveland,oh,dealer,29590,70760.0,7311935389,expedition xlt sport,False,1FMJU1JT1HEA52352,most posted car,2017 ford expedition,True
2021-04-24T12:11,tulsa,ok,dealer,29590,70760.0,7311935536,expedition xlt sport,False,1FMJU1JT1HEA52352,most posted car,2017 ford expedition,True
2021-04-24T13:20,york,pa,dealer,29590,70760.0,7311941808,expedition xlt sport,False,1FMJU1JT1HEA52352,most posted car,2017 ford expedition,True
2021-04-24T12:21,sanantonio,tx,dealer,29590,70760.0,7311941945,expedition xlt sport,False,1FMJU1JT1HEA52352,most posted car,2017 ford expedition,True
2021-04-24T13:21,baltimore,md,dealer,29590,70760.0,7311942015,expedition xlt sport,False,1FMJU1JT1HEA52352,most posted car,2017 ford expedition,True
2021-04-24T11:30,cosprings,co,dealer,29590,70760.0,7311948282,expedition xlt sport,False,1FMJU1JT1HEA52352,most posted car,2017 ford expedition,True
2021-04-24T12:31,nashville,tn,dealer,29590,70760.0,7311948389,expedition xlt sport,False,1FMJU1JT1HEA52352,most posted car,2017 ford expedition,True
2021-04-24T12:41,lacrosse,wi,dealer,29590,70760.0,7311954733,expedition xlt sport,False,1FMJU1JT1HEA52352,most posted car,2017 ford expedition,True
2021-04-24T13:41,raleigh,nc,dealer,29590,70760.0,7311954909,expedition xlt sport,False,1FMJU1JT1HEA52352,most posted car,2017 ford expedition,True
2021-04-24T12:41,columbiamo,mo,dealer,29590,70760.0,7311954965,expedition xlt sport,False,1FMJU1JT1HEA52352,most posted car,2017 ford expedition,True
2021-04-24T13:41,newhaven,ct,dealer,29590,70760.0,7311955062,expedition xlt sport,False,1FMJU1JT1HEA52352,most posted car,2017 ford expedition,True
2021-04-24T13:50,reading,pa,dealer,29590,70760.0,7311960836,expedition xlt sport,False,1FMJU1JT1HEA52352,most posted car,2017 ford expedition,True
2021-04-24T13:50,rochester,ny,dealer,29590,70760.0,7311960888,expedition xlt sport,False,1FMJU1JT1HEA52352,most posted car,2017 ford expedition,True
2021-04-24T13:01,wausau,wi,dealer,29590,70760.0,7311967545,expedition xlt sport,False,1FMJU1JT1HEA52352,most posted car,2017 ford expedition,True
2021-04-24T14:11,longisland,ny,dealer,29590,70760.0,7311974139,expedition xlt sport,False,1FMJU1JT1HEA52352,most posted car,2017 ford expedition,True
2021-04-24T14:20,hartford,ct,dealer,29590,70760.0,7311980297,expedition xlt sport,False,1FMJU1JT1HEA52352,most posted car,2017 ford expedition,True
2021-04-24T14:41,newjersey,nj,dealer,29590,70760.0,7311992845,expedition xlt sport,False,1FMJU1JT1HEA52352,most posted car,2017 ford expedition,True
2021-04-24T14:41,fayetteville,nc,dealer,29590,70760.0,7311992994,expedition xlt sport,False,1FMJU1JT1HEA52352,most posted car,2017 ford expedition,True
2021-04-24T14:51,muncie,in,dealer,29590,70760.0,7311998980,expedition xlt sport,False,1FMJU1JT1HEA52352,most posted car,2017 ford expedition,True
2021-04-24T15:00,worcester,ma,dealer,29590,70760.0,7312004949,expedition xlt sport,False,1FMJU1JT1HEA52352,most posted car,2017 ford expedition,True
2021-04-24T15:01,nh,nh,dealer,29590,70760.0,7312005318,expedition xlt sport,False,1FMJU1JT1HEA52352,most posted car,2017 ford expedition,True
