feature,importance
age,19.689690167167075
log_odometer,10.647888487477042
drive,6.81690118091472
desc_len,6.690375935177234
cylinders_num,6.04882280355438
condition,6.004423836490976
model,5.9679710497458585
manufacturer,5.08635456018928
type,4.737766360508447
fuel,4.394031363884007
long,4.387674268190808
lat,4.236646011400235
state,2.7134889271573375
miles_per_year,2.1963928682582052
paint_color,1.8523964628656944
is_dealer,1.5387285272148064
has_vin,1.0969604935370527
transmission,0.9168469988371576
needs_work,0.867111064698896
title_status,0.8218923616061526
leather,0.5487431895206635
high_trim,0.45686660856029976
navigation,0.4398127137627758
turbo,0.39258523139180584
warranty,0.36127070741077383
carfax,0.35077298839147214
diesel_words,0.3419341379892968
sunroof,0.1497458885449287
lifted,0.0926561186044687
one_owner,0.08596782334539338
is_classic,0.06728086360271916
