column,value,listings
condition,unknown,75480
condition,excellent,59509
condition,good,49334
condition,like new,14293
condition,fair,5549
condition,new,765
condition,salvage,455
fuel,gas,182769
fuel,diesel,12174
fuel,other,7074
fuel,hybrid,2672
fuel,electric,696
cylinders,4,75580
cylinders,6,75402
cylinders,8,50126
cylinders,5,1666
cylinders,other,1318
cylinders,10,668
cylinders,3,484
cylinders,12,141
transmission,automatic,180776
transmission,manual,14317
transmission,other,10292
drive,4wd,76130
drive,fwd,74787
drive,rwd,32340
drive,unknown,22128
type,sedan,60809
type,SUV,54411
type,pickup,42855
type,coupe,9765
type,hatchback,9283
type,other,6592
type,wagon,6117
type,van,5404
type,mini-van,4886
type,convertible,4404
type,offroad,444
type,bus,380
type,unknown,35
paint_color,missing,54835
paint_color,white,36839
paint_color,black,29917
paint_color,silver,22917
paint_color,blue,16127
paint_color,grey,15623
paint_color,red,14761
paint_color,not ordinary,14366
title_status,clean,195427
title_status,rebuilt,5331
title_status,salvage,2906
title_status,lien,1336
title_status,missing,289
title_status,parts only,96
state,ca,24557
state,fl,14797
state,tx,11774
state,ny,9121
state,oh,7899
state,or,7202
state,co,7147
state,mi,6859
state,nc,5873
state,az,5828
state,wa,5828
state,nj,5827
state,il,5786
state,wi,5704
state,pa,5592
state,id,5306
state,ia,4802
state,mn,4713
state,tn,4541
state,ma,3979
state,va,3925
state,ga,3147
state,ks,3029
state,al,2966
state,ct,2965
state,in,2928
state,ok,2404
state,mt,2300
state,md,2221
state,sc,2213
state,dc,1972
state,ar,1931
state,ak,1898
state,nm,1881
state,ky,1878
state,me,1780
state,nv,1754
state,hi,1746
state,mo,1387
state,la,1293
state,vt,1200
state,nh,1163
state,ri,981
state,sd,713
state,ne,579
state,de,541
state,ms,529
state,ut,396
state,wv,203
state,nd,164
state,wy,163
