state,lat,long
ak,61.180231,-149.865365
al,33.52,-86.737847
ar,36.035253,-93.785
az,33.415628,-111.8
ca,36.7377,-119.791164
co,39.675975,-104.9631
ct,41.574614,-72.8222
dc,38.8776,-77.3229
de,39.5929,-75.5827
fl,28.0381,-81.7415565
ga,33.7683,-84.246876
hi,21.302662,-157.852935
ia,41.600976,-93.687857
id,44.065295,-116.56152
il,40.6731,-89.27221
in,40.0742,-86.1302
ks,38.943781,-94.8204
ky,38.1381,-85.5586
la,30.3375,-90.9027
ma,42.2541,-71.317308
md,39.354283,-76.63
me,43.648162,-70.468
mi,42.8243,-84.1122
mn,45.1907,-93.374
mo,37.2593,-93.2022
ms,32.38114,-89.3775
mt,46.601518,-112.00588300000001
nc,35.5927055,-79.9407585
nd,47.911024,-97.045022
ne,40.850035,-96.892
nh,42.963962,-71.389906
nj,40.3902,-74.266877
nm,35.11,-106.5781
nv,36.143249,-115.1241
ny,42.5951,-74.1171
oh,40.758665,-82.703498
ok,35.559496,-97.209255
or,44.9026,-122.770936
pa,40.353611,-76.5103
ri,41.82,-71.4377
sc,34.114212,-81.1966
sd,43.7094,-97.5254
tn,35.863877,-86.391532
tx,30.233846,-97.668
ut,37.185828,-113.23305
va,37.3909385,-77.49443
vt,44.291191,-73.0957
wa,47.4648,-122.291776
wi,43.138895,-88.4862
wv,39.4852,-79.8471
wy,42.050425000000004,-105.32114999999999
